28004,5
2.210768,3.669978,4.591267,5.502458,5.530406,4.580165,3.648653,2.446336,2.005227,2.279440,3.242214,4.155888,4.943692,5.341297,5.406822,6.007024
2.219311,3.539288,4.732317,5.455940,5.308658,4.663863,3.613816,2.446336,1.997503,2.335496,3.159611,4.281443,4.943692,5.158467,5.480116,5.829752
2.219311,3.603565,4.660770,5.646704,5.308658,4.663863,3.613816,2.427638,1.997503,2.297879,3.159611,4.230375,4.943692,5.158467,5.555387,5.873088
2.210768,3.539288,4.625769,5.597819,5.395232,4.663863,3.613816,2.427638,1.989825,2.297879,3.146201,4.230375,4.943692,5.158467,5.480116,5.873088
2.202277,3.560483,4.523718,5.597819,5.266382,4.721233,3.596608,2.427638,1.974606,2.270310,3.200447,4.180442,4.943692,5.158467,5.480116,5.873088
2.193838,3.539288,4.523718,5.597819,5.308658,4.663863,3.596608,2.427638,1.944701,2.270310,3.173122,4.131604,4.943692,5.158467,5.480116,5.873088
2.185450,3.477044,4.660770,5.455940,5.266382,4.663863,3.529135,2.427638,1.959566,2.279440,3.132889,4.255765,4.854219,5.088761,5.555387,5.873088
2.185450,3.477044,4.523718,5.502458,5.308658,4.721233,3.529135,2.427638,1.952112,2.270310,3.173122,4.107585,4.974220,5.123380,5.593790,5.873088
2.185450,3.477044,4.557253,5.597819,5.308658,4.635654,3.613816,2.446336,1.959566,2.288629,3.159611,4.131604,4.974220,5.158467,5.480116,5.829752
2.185450,3.477044,4.557253,5.597819,5.530406,4.721233,3.613816,2.446336,1.974606,2.297879,3.173122,4.180442,4.854219,5.194034,5.593790,5.873088
2.168825,3.436627,4.591267,5.597819,5.308658,4.779913,3.596608,2.455774,2.005227,2.297879,3.146201,4.230375,4.943692,5.194034,5.593790,5.961709
2.185450,3.436627,4.523718,5.320807,5.439564,4.607757,3.648653,2.455774,2.005227,2.297879,3.186733,4.230375,4.974220,5.303710,5.406822,6.007024
2.144261,3.625459,4.660770,5.365133,5.576954,4.525876,3.613816,2.533513,2.020814,2.261240,3.186733,4.333687,4.796266,5.418086,5.632720,5.917069
2.128127,3.539288,4.732317,5.365133,5.351602,4.779913,3.545803,2.484455,2.052559,2.307190,3.146201,4.441878,4.854219,5.230089,5.632720,5.917069
2.185450,3.477044,4.523718,5.597819,5.439564,4.580165,3.648653,2.474834,2.012997,2.316562,3.228186,4.180442,4.974220,5.341297,5.443227,6.007024
2.120132,3.560483,4.660770,5.191935,5.624281,4.779913,3.596608,2.523573,2.044550,2.270310,3.159611,4.360264,4.767781,5.230089,5.632720,5.873088
2.120132,3.497573,4.660770,5.277177,5.351602,4.692387,3.545803,2.455774,2.044550,2.288629,3.146201,4.387151,4.825077,5.158467,5.632720,5.873088
2.144261,3.539288,4.523718,5.320807,5.576954,4.525876,3.648653,2.494140,2.005227,2.270310,3.214264,4.230375,4.825077,5.379419,5.480116,6.007024
2.104281,3.560483,4.660770,5.365133,5.576954,4.525876,3.613816,2.513698,2.036590,2.252229,3.186733,4.360264,4.796266,5.418086,5.555387,5.961709
2.096426,3.560483,4.660770,5.277177,5.439564,4.721233,3.545803,2.484455,2.052559,2.279440,3.146201,4.387151,4.825077,5.266644,5.752784,5.961709
2.160588,3.539288,4.523718,5.320807,5.530406,4.580165,3.666286,2.503887,2.012997,2.335496,3.270592,4.230375,4.943692,5.379419,5.517499,6.099744
2.120132,3.603565,4.591267,5.320807,5.530406,4.580165,3.701986,2.494140,2.076882,2.316562,3.284946,4.230375,5.036370,5.379419,5.480116,6.099744
2.152400,3.603565,4.591267,5.320807,5.576954,4.692387,3.666286,2.573937,2.068724,2.335496,3.299410,4.360264,4.974220,5.418086,5.632720,5.961709
2.120132,3.539288,4.768887,5.455940,5.308658,4.750406,3.738281,2.494140,2.101660,2.383956,3.214264,4.441878,5.068006,5.266644,5.517499,6.099744
2.160588,3.625459,4.591267,5.234225,5.576954,4.607757,3.720059,2.553591,2.076882,2.335496,3.328677,4.469731,5.036370,5.418086,5.517499,6.007024
2.144261,3.625459,4.591267,5.320807,5.484615,4.692387,3.666286,2.584213,2.101660,2.345058,3.328677,4.387151,4.974220,5.418086,5.632720,5.961709
2.144261,3.560483,4.843683,5.502458,5.308658,4.750406,3.756656,2.573937,2.135430,2.383956,3.270592,4.441878,5.100025,5.266644,5.593790,6.007024
2.210768,3.625459,4.523718,5.549744,5.624281,4.607757,3.648653,2.573937,2.076882,2.403806,3.373446,4.414354,5.036370,5.418086,5.752784,6.099744
2.160588,3.647596,4.806005,5.277177,5.484615,4.870490,3.666286,2.584213,2.152637,2.393847,3.299410,4.497918,5.036370,5.266644,5.835678,6.099744
2.210768,3.581907,4.806005,5.549744,5.395232,4.692387,3.775185,2.553591,2.126907,2.454646,3.343483,4.441878,5.100025,5.341297,5.593790,6.195365
2.193838,3.738642,4.732317,5.320807,5.721350,4.779913,3.684063,2.615456,2.126907,2.393847,3.373446,4.555320,5.005110,5.418086,5.712205,5.961709
2.219311,3.539288,4.806005,5.646704,5.395232,4.839948,3.756656,2.584213,2.144006,2.454646,3.343483,4.414354,5.132435,5.266644,5.672188,6.007024
2.254014,3.603565,4.806005,5.646704,5.624281,4.901389,3.738281,2.573937,2.126907,2.454646,3.358405,4.414354,5.036370,5.266644,5.632720,6.294032
2.236555,3.738642,4.806005,5.365133,5.721350,4.809758,3.701986,2.584213,2.135430,2.423931,3.419290,4.584548,5.036370,5.341297,5.835678,6.099744
2.262826,3.647596,4.806005,5.646704,5.395232,4.901389,3.756656,2.615456,2.135430,2.507300,3.373446,4.414354,5.165244,5.266644,5.752784,6.099744
2.271693,3.603565,4.843683,5.646704,5.395232,4.839948,3.831720,2.584213,2.161324,2.518058,3.373446,4.414354,5.165244,5.341297,5.632720,6.195365
2.271693,3.809680,5.000275,5.549744,5.721350,4.932653,3.701986,2.604971,2.196633,2.454646,3.388606,4.614137,5.100025,5.266644,5.835678,6.195365
2.335355,3.809680,4.843683,5.746987,5.576954,4.721233,3.850886,2.626013,2.161324,2.496620,3.450472,4.469731,5.132435,5.497108,5.593790,6.147183
2.307724,3.858420,5.166992,5.549744,5.873326,4.932653,3.756656,2.647343,2.232873,2.518058,3.403887,4.644093,5.100025,5.379419,5.835678,6.195365
2.401952,3.883220,4.920775,5.696419,5.979170,4.839948,3.850886,2.713129,2.205605,2.528893,3.530681,4.584548,5.005110,5.537489,5.632720,6.007024
2.344684,3.985414,5.166992,5.646704,5.821787,4.870490,3.850886,2.747073,2.289064,2.550799,3.482162,4.736240,5.165244,5.537489,5.793937,5.961709
2.373038,3.933707,5.254475,5.646704,5.979170,5.028697,3.831720,2.770108,2.337657,2.606986,3.530681,4.705137,5.100025,5.578467,5.878018,6.099744
2.461537,3.985414,5.000275,5.798431,6.202675,4.901389,3.929223,2.793475,2.298651,2.689248,3.631431,4.736240,5.100025,5.662275,5.672188,6.053030
2.411718,3.985414,5.254475,5.746987,5.979170,5.162281,3.850886,2.770108,2.377753,2.653460,3.547123,4.736240,5.165244,5.578467,6.008781,6.195365
2.502620,4.038388,5.040966,6.126897,5.979170,4.964288,3.989791,2.781749,2.337657,2.738265,3.631431,4.555320,5.370905,5.578467,5.672188,6.344556
2.461537,4.176691,5.210375,5.958264,6.202675,4.932653,3.969424,2.817184,2.367624,2.677228,3.683763,4.614137,5.198458,5.705133,5.712205,6.147183
2.471703,4.176691,5.210375,5.904044,6.381579,5.094675,3.909384,2.817184,2.398224,2.677228,3.683763,4.705137,5.165244,5.662275,5.835678,6.007024
2.502620,4.065364,5.438430,5.746987,5.979170,5.128271,3.949236,2.781749,2.408569,2.725868,3.597281,4.831967,5.266137,5.537489,5.920973,6.099744
2.555587,4.038388,5.438430,6.126897,5.821787,5.094675,4.031070,2.758549,2.387953,2.788833,3.597281,4.736240,5.300618,5.457312,5.752784,6.448087
2.555587,4.234503,5.254475,5.958264,6.202675,4.996300,4.010339,2.841241,2.398224,2.725868,3.737471,4.705137,5.132435,5.705133,5.712205,6.147183
2.555587,4.324071,5.635486,5.904044,6.202675,5.061486,4.010339,2.853402,2.450689,2.725868,3.631431,4.864710,5.198458,5.705133,5.712205,6.053030
2.621649,4.324071,5.344902,5.904044,6.202675,5.128271,4.051987,2.758549,2.418986,2.776042,3.755690,4.831967,5.300618,5.705133,5.752784,6.344556
2.678911,4.354719,5.686971,6.493782,6.088878,5.061486,4.031070,2.781749,2.408569,2.814724,3.719412,4.614137,5.370905,5.620058,5.672188,6.448087
2.702406,4.417253,5.438430,6.493782,5.979170,5.061486,4.051987,2.781749,2.418986,2.801727,3.811322,4.614137,5.406730,5.620058,5.712205,6.448087
2.702406,4.449156,5.584914,6.069662,6.381579,5.094675,3.989791,2.853402,2.429478,2.827826,3.811322,4.767741,5.165244,5.748648,5.835678,6.007024
2.714284,4.417253,5.847171,6.069662,5.979170,5.061486,4.031070,2.758549,2.483082,2.841033,3.701510,4.931497,5.335538,5.620058,5.835678,6.294032
2.799965,4.581229,5.486410,6.366793,6.261183,5.128271,4.010339,2.853402,2.440045,2.881303,3.868470,4.736240,5.198458,5.748648,5.835678,6.053030
2.750453,4.481496,6.016595,6.185196,6.033528,5.196715,4.051987,2.781749,2.516192,2.894948,3.811322,4.931497,5.370905,5.578467,5.752784,6.448087
2.838103,4.650081,5.635486,6.126897,6.506714,5.196715,3.949236,2.853402,2.472206,2.881303,3.907443,4.897883,5.165244,5.662275,5.920973,6.099744
2.877136,4.514281,5.635486,6.559164,5.979170,5.231579,4.073093,2.829168,2.483082,3.023006,3.868470,4.864710,5.370905,5.578467,5.835678,6.195365
2.903673,4.514281,5.959045,6.185196,6.145251,5.412670,3.969424,2.805287,2.505074,3.023006,3.830200,5.000083,5.335538,5.537489,5.964556,6.195365
2.944274,4.547522,6.075266,6.126897,6.443536,5.266883,4.010339,2.817184,2.483082,3.037849,3.830200,5.000083,5.232087,5.705133,5.752784,6.344556
2.903673,4.720922,5.584914,6.493782,6.033528,5.302635,3.949236,2.793475,2.505074,2.964892,3.887867,4.897883,5.406730,5.537489,5.920973,6.195365
2.903673,4.615412,5.847171,6.493782,6.320806,5.094675,4.073093,2.781749,2.527392,2.979236,3.907443,4.736240,5.370905,5.705133,5.712205,6.448087
2.838103,4.685247,5.535230,6.625856,6.261183,5.128271,4.051987,2.758549,2.550042,2.964892,3.947138,4.736240,5.406730,5.578467,5.752784,6.294032
2.930632,4.650081,5.535230,6.429671,6.381579,5.094675,3.969424,2.805287,2.440045,2.993702,3.927199,4.736240,5.266137,5.662275,5.712205,6.053030
2.890352,4.720922,5.847171,6.126897,6.443536,5.128271,3.949236,2.805287,2.483082,2.894948,3.868470,4.864710,5.165244,5.748648,5.752784,5.961709
2.825293,4.650081,6.016595,6.185196,6.088878,5.338844,3.889717,2.793475,2.516192,2.922576,3.830200,4.965561,5.370905,5.578467,5.878018,6.099744
2.864024,4.514281,6.016595,6.069662,6.320806,5.338844,3.889717,2.805287,2.483082,2.979236,3.830200,4.931497,5.198458,5.578467,5.878018,6.099744
2.890352,4.547522,6.075266,6.185196,6.381579,5.196715,3.989791,2.841241,2.472206,3.037849,3.830200,5.035074,5.232087,5.662275,5.835678,6.099744
2.812580,4.720922,5.535230,6.126897,6.261183,5.338844,3.929223,2.781749,2.550042,2.922576,3.947138,4.965561,5.266137,5.578467,5.878018,6.195365
2.917099,4.685247,5.584914,6.366793,6.381579,5.128271,3.989791,2.817184,2.472206,2.936564,3.987577,4.831967,5.300618,5.705133,5.835678,6.244309
2.825293,4.757117,5.847171,6.126897,6.443536,5.231579,3.929223,2.829168,2.538675,2.950668,3.927199,4.897883,5.232087,5.662275,5.920973,6.053030
2.864024,4.514281,6.016595,6.244589,6.145251,5.231579,3.929223,2.758549,2.527392,3.023006,3.830200,5.000083,5.335538,5.537489,5.920973,6.294032
2.890352,4.650081,5.635486,6.559164,5.979170,5.196715,3.969424,2.747073,2.450689,2.964892,3.947138,4.831967,5.370905,5.578467,5.793937,6.294032
2.903673,4.514281,5.847171,6.366793,5.979170,5.231579,3.909384,2.758549,2.450689,3.008291,3.868470,4.897883,5.370905,5.537489,5.920973,6.195365
2.877136,4.650081,5.635486,6.305110,6.443536,4.996300,3.812715,2.770108,2.440045,2.922576,3.927199,4.799647,5.198458,5.662275,5.878018,6.053030
2.799965,4.685247,5.635486,6.244589,6.443536,4.996300,3.929223,2.770108,2.494038,2.881303,3.907443,4.799647,5.165244,5.662275,5.632720,6.007024
2.812580,4.650081,5.847171,6.013460,6.088878,5.231579,3.929223,2.701972,2.472206,2.881303,3.830200,4.931497,5.335538,5.418086,5.793937,6.294032
2.877136,4.581229,5.486410,6.366793,6.381579,4.996300,3.949236,2.770108,2.440045,2.908705,3.907443,4.736240,5.165244,5.662275,5.712205,6.147183
2.787446,4.685247,5.847171,6.126897,6.506714,5.128271,3.909384,2.770108,2.505074,2.894948,3.849248,4.897883,5.165244,5.705133,5.835678,6.099744
2.825293,4.650081,5.486410,6.493782,5.925779,5.162281,3.969424,2.758549,2.472206,2.908705,3.907443,4.644093,5.370905,5.578467,5.793937,6.294032
2.864024,4.417253,5.486410,6.185196,6.145251,5.231579,3.909384,2.793475,2.440045,3.008291,3.927199,4.965561,5.266137,5.578467,5.835678,5.961709
2.762691,4.581229,5.847171,6.069662,6.381579,5.128271,3.889717,2.781749,2.516192,2.908705,3.849248,4.864710,5.165244,5.620058,5.878018,6.099744
2.851013,4.581229,5.486410,6.493782,6.088878,5.094675,3.989791,2.758549,2.440045,2.964892,3.887867,4.736240,5.406730,5.705133,5.672188,6.344556
2.838103,4.685247,5.635486,6.069662,6.261183,5.196715,3.949236,2.747073,2.472206,2.908705,3.947138,4.897883,5.266137,5.537489,5.878018,6.395901
2.825293,4.685247,5.635486,6.069662,6.443536,5.231579,3.909384,2.781749,2.472206,2.908705,3.907443,4.897883,5.232087,5.620058,5.920973,6.448087
2.825293,4.449156,5.635486,6.559164,5.979170,5.094675,4.031070,2.758549,2.483082,3.023006,3.868470,4.864710,5.370905,5.705133,5.752784,6.448087
2.838103,4.650081,5.584914,6.069662,6.381579,5.196715,3.969424,2.853402,2.472206,2.950668,3.987577,5.035074,5.165244,5.705133,5.920973,6.053030
2.812580,4.449156,5.847171,6.366793,6.443536,5.128271,4.031070,2.781749,2.527392,3.023006,3.868470,4.799647,5.266137,5.662275,5.752784,6.448087
2.825293,4.685247,5.847171,5.958264,6.202675,5.196715,3.949236,2.758549,2.472206,2.922576,3.868470,5.000083,5.335538,5.537489,5.964556,6.294032
2.825293,4.481496,5.739395,6.013460,6.261183,5.266883,3.929223,2.805287,2.461409,2.950668,3.907443,4.931497,5.232087,5.578467,5.878018,6.099744
2.812580,4.449156,5.486410,6.493782,6.088878,5.061486,3.949236,2.805287,2.461409,2.993702,3.887867,4.736240,5.406730,5.705133,5.672188,6.053030
2.714284,4.417253,5.902580,6.069662,6.145251,5.196715,3.969424,2.747073,2.505074,2.922576,3.811322,4.965561,5.335538,5.537489,5.712205,6.344556
2.738307,4.514281,5.686971,5.958264,6.145251,5.162281,3.929223,2.793475,2.429478,2.881303,3.849248,4.965561,5.266137,5.537489,5.920973,5.961709
2.750453,4.354719,5.739395,6.366793,5.979170,5.094675,3.929223,2.793475,2.483082,2.950668,3.792613,4.736240,5.335538,5.705133,5.632720,6.007024
2.750453,4.324071,5.739395,6.305110,5.873326,5.128271,3.989791,2.781749,2.483082,2.964892,3.830200,4.897883,5.370905,5.578467,5.672188,6.195365
2.726251,4.481496,5.847171,6.013460,6.261183,5.231579,3.909384,2.758549,2.494038,2.881303,3.830200,4.931497,5.266137,5.578467,5.878018,6.244309
2.775022,4.481496,5.635486,6.013460,6.261183,5.094675,4.010339,2.841241,2.440045,2.881303,3.887867,4.931497,5.266137,5.620058,5.793937,6.053030
2.738307,4.514281,5.635486,6.013460,6.443536,5.196715,3.929223,2.853402,2.483082,2.881303,3.887867,4.931497,5.232087,5.662275,5.835678,6.007024
2.750453,4.354719,5.847171,6.244589,5.979170,5.128271,3.989791,2.793475,2.516192,2.979236,3.830200,4.931497,5.370905,5.578467,5.712205,6.244309
2.702406,4.481496,5.792786,6.013460,6.261183,5.196715,3.969424,2.758549,2.516192,2.894948,3.849248,4.965561,5.266137,5.537489,5.878018,6.344556
2.726251,4.449156,5.635486,5.958264,6.261183,5.196715,3.969424,2.747073,2.472206,2.881303,3.887867,4.864710,5.198458,5.537489,5.835678,6.344556
2.690615,4.481496,5.635486,6.126897,6.381579,5.196715,3.850886,2.758549,2.505074,2.881303,3.887867,4.799647,5.165244,5.620058,5.878018,6.294032
2.738307,4.481496,5.792786,5.958264,6.261183,5.162281,3.989791,2.758549,2.440045,2.867771,3.830200,4.931497,5.266137,5.537489,5.793937,6.344556
2.738307,4.481496,5.635486,5.958264,6.261183,5.162281,3.969424,2.747073,2.450689,2.881303,3.887867,4.864710,5.165244,5.578467,5.878018,6.294032
2.738307,4.449156,5.635486,6.013460,5.979170,5.128271,4.031070,2.747073,2.461409,2.881303,3.849248,4.931497,5.370905,5.620058,5.752784,6.294032
2.738307,4.581229,5.584914,5.958264,6.261183,5.231579,4.010339,2.758549,2.461409,2.894948,3.927199,4.897883,5.266137,5.537489,5.793937,6.448087
2.738307,4.514281,5.739395,6.013460,6.145251,5.231579,4.031070,2.770108,2.472206,2.894948,3.868470,4.965561,5.335538,5.578467,5.835678,6.294032
2.775022,4.581229,5.635486,6.013460,6.145251,5.231579,4.073093,2.793475,2.472206,2.908705,3.947138,4.965561,5.335538,5.578467,5.752784,6.448087
2.738307,4.514281,5.847171,6.069662,6.261183,5.231579,4.073093,2.793475,2.538675,2.936564,3.887867,5.035074,5.370905,5.578467,5.793937,6.448087
2.775022,4.685247,5.739395,6.013460,6.261183,5.338844,4.031070,2.829168,2.505074,2.936564,3.907443,4.965561,5.300618,5.578467,5.964556,6.244309
2.825293,4.581229,5.584914,6.305110,6.506714,5.338844,3.989791,2.829168,2.494038,2.964892,3.987577,4.897883,5.232087,5.620058,6.008781,6.244309
2.851013,4.650081,5.635486,6.126897,6.320806,5.375519,4.031070,2.817184,2.516192,2.964892,4.008083,4.931497,5.266137,5.578467,5.964556,6.395901
2.838103,4.685247,5.847171,6.366793,6.443536,5.231579,4.094389,2.817184,2.538675,2.993702,3.987577,4.965561,5.232087,5.662275,5.835678,6.395901
2.838103,4.685247,5.847171,6.013460,6.261183,5.338844,4.051987,2.817184,2.538675,2.993702,3.967263,5.000083,5.335538,5.537489,5.964556,6.395901
2.851013,4.685247,5.635486,6.185196,6.202675,5.375519,4.051987,2.817184,2.538675,3.008291,4.008083,5.000083,5.370905,5.537489,5.920973,6.395901
2.890352,4.720922,5.792786,6.126897,6.261183,5.338844,4.010339,2.829168,2.538675,2.993702,4.008083,5.000083,5.335538,5.578467,5.964556,6.294032
2.890352,4.720922,5.635486,6.069662,6.443536,5.338844,3.969424,2.829168,2.516192,3.023006,4.008083,4.965561,5.232087,5.578467,6.008781,6.294032
2.890352,4.720922,5.635486,6.126897,6.506714,5.266883,3.969424,2.877997,2.516192,3.023006,4.008083,4.965561,5.198458,5.748648,5.920973,6.053030
2.903673,4.720922,5.686971,6.559164,6.033528,5.231579,4.094389,2.841241,2.573034,3.023006,3.947138,4.897883,5.479786,5.578467,5.752784,6.448087
2.864024,4.720922,6.075266,6.185196,6.506714,5.338844,3.989791,2.877997,2.584660,3.008291,3.967263,5.000083,5.232087,5.662275,5.920973,6.099744
2.930632,4.685247,5.792786,6.429671,6.381579,5.162281,4.010339,2.890432,2.561495,3.098523,3.947138,4.931497,5.335538,5.705133,5.835678,5.961709
2.864024,4.720922,6.016595,6.185196,6.145251,5.231579,4.137566,2.865654,2.644136,3.023006,3.927199,5.035074,5.370905,5.620058,5.752784,6.344556
2.877136,4.757117,6.016595,6.305110,6.145251,5.128271,4.094389,2.928303,2.644136,3.037849,3.947138,5.035074,5.479786,5.837715,5.793937,6.053030
2.903673,4.793845,5.959045,6.429671,6.571151,5.338844,4.031070,2.915584,2.620072,3.098523,4.008083,4.965561,5.232087,5.662275,6.008781,6.195365
2.971888,4.757117,5.739395,6.244589,6.506714,5.412670,4.031070,2.877997,2.608178,3.114028,4.092078,5.070543,5.232087,5.620058,6.053664,6.294032
2.930632,4.757117,5.902580,6.185196,6.381579,5.488437,4.094389,2.865654,2.632058,3.114028,4.070777,5.070543,5.335538,5.578467,5.964556,6.448087
2.930632,4.831117,5.902580,6.126897,6.443536,5.488437,4.010339,2.915584,2.632058,3.114028,4.028783,5.070543,5.335538,5.578467,6.008781,6.195365
2.985863,4.685247,5.635486,6.429671,6.506714,5.266883,4.051987,2.967045,2.608178,3.161377,4.049680,5.000083,5.300618,5.748648,6.053664,6.053030
2.890352,4.615412,5.792786,6.493782,6.202675,5.196715,4.159451,2.941119,2.680938,3.145452,4.028783,4.931497,5.554785,5.883299,5.752784,6.147183
2.917099,4.757117,6.075266,6.244589,6.202675,5.450306,4.137566,2.928303,2.656308,3.098523,3.987577,5.035074,5.479786,5.578467,5.835678,6.395901
2.890352,4.793845,6.075266,6.305110,6.145251,5.302635,4.226332,2.915584,2.656308,3.114028,3.987577,5.035074,5.517038,5.705133,5.793937,6.448087
2.877136,4.615412,6.016595,6.185196,6.320806,5.450306,4.203831,2.902961,2.668575,3.145452,4.028783,5.142961,5.370905,5.578467,5.793937,6.501136
2.917099,4.757117,6.016595,6.693901,6.202675,5.412670,4.115879,2.967045,2.668575,3.114028,4.028783,4.965561,5.593038,5.662275,6.053664,6.195365
2.944274,4.581229,6.075266,6.305110,6.320806,5.412670,4.115879,2.954032,2.656308,3.177445,3.987577,5.070543,5.370905,5.662275,5.878018,6.344556
2.930632,4.685247,5.902580,6.429671,6.320806,5.412670,4.051987,2.980158,2.644136,3.177445,4.008083,5.000083,5.479786,5.620058,6.008781,6.007024
2.825293,4.720922,5.635486,6.559164,6.033528,5.488437,4.031070,2.980158,2.718615,3.114028,4.070777,4.897883,5.517038,5.578467,6.008781,6.007024
2.825293,4.720922,5.686971,6.559164,6.145251,5.450306,4.010339,2.941119,2.693398,3.114028,4.028783,4.931497,5.479786,5.578467,6.053664,6.099744
2.877136,4.615412,6.075266,6.185196,6.506714,5.302635,4.094389,2.877997,2.656308,3.114028,3.987577,5.070543,5.370905,5.662275,5.964556,6.195365
2.890352,4.581229,6.075266,6.244589,6.381579,5.231579,4.094389,2.877997,2.632058,3.067921,3.987577,5.000083,5.370905,5.705133,5.920973,6.195365
2.877136,4.514281,6.016595,6.126897,6.443536,5.128271,4.094389,2.841241,2.620072,3.098523,3.927199,5.000083,5.232087,5.792837,5.793937,6.294032
2.877136,4.449156,6.016595,6.126897,6.443536,5.162281,4.031070,2.841241,2.584660,3.083155,3.907443,5.000083,5.198458,5.792837,5.835678,6.448087
2.851013,4.514281,6.016595,6.126897,6.506714,5.266883,4.010339,2.865654,2.527392,3.052820,3.830200,5.000083,5.232087,5.705133,5.835678,6.147183
2.787446,4.514281,5.486410,6.244589,6.261183,5.266883,4.115879,2.793475,2.516192,3.008291,4.008083,5.000083,5.266137,5.705133,5.712205,6.395901
2.787446,4.417253,5.959045,6.244589,6.320806,5.128271,4.073093,2.781749,2.483082,3.023006,3.830200,4.864710,5.300618,5.662275,5.752784,6.195365
2.762691,4.354719,5.847171,6.126897,6.443536,5.094675,4.051987,2.758549,2.505074,3.008291,3.830200,4.897883,5.198458,5.705133,5.632720,6.244309
2.762691,4.354719,5.959045,5.958264,6.443536,5.094675,4.031070,2.781749,2.461409,2.979236,3.811322,4.965561,5.165244,5.748648,5.712205,6.344556
2.762691,4.354719,5.902580,6.013460,6.506714,5.094675,4.031070,2.758549,2.440045,2.993702,3.811322,4.931497,5.165244,5.748648,5.712205,6.448087
2.738307,4.385776,5.486410,6.493782,6.088878,5.061486,4.010339,2.817184,2.440045,2.922576,3.830200,4.644093,5.370905,5.662275,5.632720,6.099744
2.632936,4.385776,5.739395,5.958264,6.261183,5.128271,3.989791,2.758549,2.494038,2.881303,3.792613,4.864710,5.165244,5.457312,5.672188,6.344556
2.678911,4.417253,5.486410,6.366793,6.202675,5.094675,3.949236,2.793475,2.408569,2.881303,3.868470,4.705137,5.266137,5.662275,5.632720,6.007024
2.610442,4.385776,5.686971,6.493782,6.033528,5.196715,3.989791,2.758549,2.483082,2.841033,3.701510,4.674424,5.266137,5.537489,5.793937,6.344556
2.610442,4.385776,5.584914,5.958264,6.261183,5.128271,3.969424,2.793475,2.418986,2.801727,3.849248,4.831967,5.165244,5.537489,5.793937,6.099744
2.621649,4.385776,5.486410,5.904044,6.261183,5.196715,3.949236,2.758549,2.387953,2.827826,3.774069,4.864710,5.165244,5.537489,5.878018,6.244309
2.588267,4.324071,5.486410,5.958264,6.202675,5.196715,3.989791,2.747073,2.387953,2.801727,3.811322,4.831967,5.165244,5.537489,5.793937,6.344556
2.523587,4.293824,5.535230,6.013460,5.873326,5.128271,4.010339,2.735678,2.418986,2.776042,3.719412,4.864710,5.300618,5.379419,5.632720,6.244309
2.523587,4.205412,5.486410,5.904044,6.033528,5.231579,4.031070,2.724363,2.408569,2.776042,3.719412,4.831967,5.266137,5.418086,5.712205,6.244309
2.492244,4.234503,5.391268,6.069662,5.979170,5.231579,3.909384,2.758549,2.398224,2.776042,3.719412,4.831967,5.266137,5.578467,5.878018,6.195365
2.544846,4.205412,5.254475,5.904044,6.261183,5.128271,3.889717,2.770108,2.367624,2.776042,3.811322,4.799647,5.100025,5.620058,5.793937,6.053030
2.534180,4.148333,5.166992,6.069662,6.381579,5.094675,3.909384,2.805287,2.367624,2.841033,3.849248,4.736240,5.100025,5.705133,5.835678,5.961709
2.502620,4.038388,5.166992,6.305110,5.979170,5.061486,3.989791,2.805287,2.429478,2.881303,3.792613,4.674424,5.370905,5.578467,5.712205,6.099744
2.421549,4.011740,5.299311,6.305110,5.873326,5.061486,4.051987,2.829168,2.472206,2.854347,3.737471,4.767741,5.370905,5.705133,5.752784,6.147183
2.471703,4.176691,5.438430,5.958264,6.381579,5.128271,3.969424,2.877997,2.440045,2.854347,3.755690,4.799647,5.165244,5.748648,5.835678,6.099744
2.461537,4.038388,5.166992,6.185196,6.088878,5.094675,4.115879,2.817184,2.461409,2.936564,3.868470,4.705137,5.406730,5.792837,5.712205,6.344556
2.411718,4.176691,5.210375,5.958264,6.381579,5.196715,4.010339,2.902961,2.494038,2.881303,3.927199,4.897883,5.165244,5.748648,5.878018,6.053030
2.461537,4.038388,5.082305,6.305110,6.202675,5.128271,4.094389,2.902961,2.505074,2.979236,3.927199,4.799647,5.300618,5.792837,5.835678,6.147183
2.421549,4.092677,5.210375,6.305110,5.979170,5.128271,4.051987,2.941119,2.573034,2.936564,3.868470,4.864710,5.554785,5.837715,6.008781,6.147183
2.411718,4.065364,5.438430,6.069662,6.033528,5.231579,4.226332,2.890432,2.596374,2.964892,3.849248,5.035074,5.479786,5.662275,5.964556,6.501136
2.451439,4.176691,5.210375,5.904044,6.381579,5.412670,4.137566,2.941119,2.584660,2.964892,3.967263,5.035074,5.335538,5.662275,6.145466,6.448087
2.481938,4.148333,5.254475,5.958264,6.261183,5.450306,4.249043,2.941119,2.608178,2.979236,4.008083,5.070543,5.443020,5.620058,6.008781,6.501136
2.471703,4.176691,5.535230,6.069662,6.033528,5.412670,4.295110,2.967045,2.656308,3.008291,3.967263,5.070543,5.554785,5.705133,6.053664,6.501136
2.471703,4.205412,5.391268,5.904044,6.261183,5.488437,4.271968,2.980158,2.656308,3.052820,4.028783,5.217421,5.443020,5.620058,6.145466,6.555072
2.451439,4.205412,5.254475,5.958264,6.261183,5.488437,4.271968,3.006689,2.731375,3.114028,4.070777,5.217421,5.517038,5.705133,6.145466,6.501136
2.461537,4.205412,5.635486,5.958264,6.261183,5.488437,4.271968,3.020110,2.718615,3.114028,4.008083,5.255447,5.593038,5.705133,6.240090,6.555072
2.481938,4.205412,5.486410,5.958264,6.261183,5.488437,4.271968,3.033637,2.693398,3.114028,4.028783,5.255447,5.671106,5.705133,6.288503,6.555072
2.471703,4.176691,5.486410,5.958264,6.320806,5.488437,4.271968,3.061011,2.731375,3.114028,4.028783,5.255447,5.554785,5.748648,6.240090,6.448087
2.513067,4.148333,5.299311,6.366793,6.443536,5.566225,4.295110,3.131384,2.693398,3.161377,4.113585,5.070543,5.554785,5.748648,6.145466,6.294032
2.481938,3.985414,5.535230,6.429671,6.088878,5.302635,4.389912,3.117082,2.757201,3.226533,4.028783,5.070543,5.710943,6.024473,6.099220,6.448087
2.421549,4.011740,5.635486,6.493782,6.033528,5.488437,4.389912,3.074862,2.810123,3.145452,3.987577,4.965561,5.671106,5.792837,6.099220,6.609917
2.411718,4.205412,5.535230,6.185196,6.033528,5.412670,4.365870,3.074862,2.770271,3.114028,4.008083,5.217421,5.671106,5.792837,6.053664,6.555072
2.411718,4.065364,5.535230,6.069662,6.033528,5.412670,4.365870,3.033637,2.770271,3.145452,4.008083,5.217421,5.671106,5.792837,6.053664,6.665695
2.421549,4.176691,5.391268,5.904044,6.443536,5.488437,4.203831,3.047270,2.731375,3.114028,4.028783,5.255447,5.554785,5.837715,6.240090,6.609917
2.461537,4.038388,5.166992,6.305110,6.381579,5.266883,4.295110,3.102896,2.705957,3.177445,4.113585,5.070543,5.554785,6.024473,6.099220,6.344556
2.401952,3.985414,5.535230,6.305110,6.033528,5.412670,4.318472,3.074862,2.770271,3.145452,3.987577,5.035074,5.671106,5.792837,6.099220,6.395901
2.431446,3.985414,5.254475,6.493782,6.088878,5.266883,4.342057,3.088823,2.718615,3.193659,4.008083,5.000083,5.710943,5.976660,6.099220,6.395901
2.373038,4.120331,5.299311,6.069662,6.443536,5.338844,4.226332,3.074862,2.744236,3.114028,4.049680,5.255447,5.554785,5.976660,6.288503,6.344556
2.421549,4.092677,5.082305,6.305110,6.443536,5.266883,4.295110,3.088823,2.668575,3.114028,4.113585,5.070543,5.554785,6.024473,6.053664,6.395901
2.354074,3.933707,5.438430,6.069662,6.145251,5.527073,4.295110,3.006689,2.757201,3.114028,3.987577,5.142961,5.554785,5.748648,6.145466,6.501136
2.363525,4.148333,5.299311,6.126897,6.506714,5.412670,4.159451,3.061011,2.680938,3.083155,4.028783,5.035074,5.517038,5.748648,6.240090,6.555072
2.401952,4.038388,5.082305,6.185196,6.443536,5.412670,4.342057,3.020110,2.644136,3.129670,4.049680,5.000083,5.554785,5.748648,6.008781,6.555072
2.326085,3.959406,5.124308,6.305110,5.925779,5.266883,4.342057,3.020110,2.731375,3.037849,3.987577,4.965561,5.631808,5.792837,6.053664,6.609917
2.316875,3.959406,5.299311,6.069662,5.979170,5.302635,4.318472,3.020110,2.705957,3.037849,3.927199,5.035074,5.671106,5.792837,6.053664,6.555072
2.354074,4.038388,5.299311,5.958264,6.033528,5.412670,4.342057,3.020110,2.680938,3.023006,3.987577,5.255447,5.554785,5.705133,6.099220,6.665695
2.363525,4.065364,5.299311,6.305110,6.033528,5.488437,4.271968,3.047270,2.680938,3.083155,4.008083,5.035074,5.671106,5.705133,6.192416,6.501136
2.401952,4.065364,5.082305,6.185196,6.381579,5.338844,4.318472,3.117082,2.668575,3.129670,4.113585,5.070543,5.593038,6.073068,6.099220,6.395901
2.344684,3.908314,5.299311,6.305110,6.088878,5.266883,4.438700,3.131384,2.770271,3.177445,4.028783,5.000083,5.710943,6.024473,6.099220,6.555072
2.344684,4.065364,5.438430,6.244589,6.033528,5.412670,4.438700,3.145802,2.796731,3.114028,4.008083,5.179930,5.710943,5.883299,6.099220,6.665695
2.354074,3.933707,5.210375,6.305110,6.033528,5.488437,4.414187,3.102896,2.837241,3.193659,4.135301,5.179930,5.833806,5.883299,6.099220,6.780157
2.392251,4.120331,5.391268,5.904044,6.261183,5.605903,4.342057,3.160337,2.783447,3.161377,4.179375,5.294018,5.671106,5.792837,6.240090,6.501136
2.421549,4.092677,5.210375,6.493782,6.145251,5.338844,4.414187,3.160337,2.731375,3.226533,4.113585,5.000083,5.710943,6.024473,6.145466,6.448087
2.363525,3.933707,5.299311,6.305110,6.145251,5.566225,4.389912,3.047270,2.837241,3.210021,4.049680,5.070543,5.710943,5.748648,6.099220,6.722433
2.373038,4.120331,5.391268,5.904044,6.320806,5.488437,4.271968,3.061011,2.731375,3.129670,4.028783,5.255447,5.593038,5.705133,6.288503,6.665695
2.392251,4.092677,5.391268,5.958264,6.261183,5.488437,4.226332,3.074862,2.718615,3.145452,4.028783,5.255447,5.671106,5.837715,6.240090,6.501136
2.421549,4.120331,5.210375,5.958264,6.506714,5.450306,4.271968,3.088823,2.705957,3.177445,4.135301,5.217421,5.554785,5.929608,6.337675,6.448087
2.431446,4.038388,5.166992,6.305110,6.443536,5.375519,4.342057,3.219690,2.770271,3.260018,4.201739,5.070543,5.554785,6.122464,6.337675,6.294032
2.461537,4.038388,5.391268,6.493782,6.381579,5.338844,4.365870,3.174993,2.823626,3.311427,4.224326,5.142961,5.710943,6.073068,6.337675,6.665695
2.481938,4.038388,5.486410,6.493782,6.506714,5.450306,4.488450,3.344544,2.907041,3.400423,4.293457,5.142961,5.671106,6.122464,6.337675,6.609917
2.544846,4.092677,5.686971,6.244589,6.261183,5.728208,4.617232,3.312527,2.935796,3.437241,4.224326,5.372848,5.918633,5.883299,6.240090,6.959513
2.523587,4.354719,5.847171,6.185196,6.636887,5.728208,4.697682,3.344544,3.040442,3.382281,4.316970,5.537630,5.875919,6.073068,6.288503,7.021459
2.555587,4.385776,5.635486,6.185196,6.772425,5.855668,4.697682,3.427068,3.087304,3.455922,4.488530,5.580392,5.961961,5.976660,6.542334,7.214218
2.588267,4.481496,5.847171,6.185196,6.842316,5.943675,4.780658,3.495775,3.135448,3.513088,4.539912,5.623811,5.961961,6.328497,6.387625,6.780157
2.655757,4.354719,5.635486,6.366793,7.061050,5.988628,4.808899,3.567021,3.168284,3.612288,4.646063,5.712684,5.833806,6.382233,6.542334,6.838892
2.667291,4.354719,5.535230,6.693901,6.986577,5.812588,4.697682,3.585247,3.184931,3.738309,4.646063,5.537630,5.918633,6.549186,6.704780,6.780157
2.644305,4.385776,5.686971,6.693901,6.986577,5.770105,4.725054,3.548964,3.218692,3.760103,4.566019,5.495509,5.961961,6.549186,6.595593,6.780157
2.678911,4.449156,5.535230,6.834221,6.986577,5.899359,4.697682,3.603643,3.218692,3.782133,4.728797,5.580392,5.918633,6.606843,6.595593,6.780157
2.690615,4.514281,5.959045,6.559164,7.137154,5.899359,4.780658,3.622212,3.218692,3.760103,4.619090,5.804383,6.095774,6.606843,6.595593,6.780157
2.738307,4.417253,5.902580,6.980493,6.986577,5.855668,4.924904,3.678984,3.360333,3.872698,4.700912,5.537630,6.283692,6.665551,6.438371,7.084536
2.714284,4.650081,6.135091,6.906589,6.913683,5.899359,5.046022,3.717746,3.493706,3.804404,4.673335,5.667903,6.332476,6.492551,6.438371,7.280891
2.775022,4.793845,6.135091,6.906589,6.842316,6.272594,5.140428,3.757265,3.533579,3.849682,4.785518,6.046966,6.535375,6.328497,6.760755,7.418090
2.864024,4.868946,6.258350,6.906589,6.842316,6.223492,5.238070,3.901893,3.533579,3.895972,4.933131,6.046966,6.588137,6.436909,6.760755,7.148778
2.864024,4.946331,6.452851,7.292548,6.986577,6.373062,5.205153,3.945125,3.636961,4.066490,4.873060,5.899053,6.588137,6.436909,6.875589,7.148778
2.877136,5.026108,6.452851,7.292548,6.986577,6.424465,5.238070,3.838669,3.745993,4.117805,4.963699,5.996846,6.588137,6.328497,6.934502,7.418090
2.917099,4.985913,6.589427,7.459256,7.061050,6.373062,5.271367,3.859532,3.791298,4.143922,5.025933,5.947549,6.641755,6.492551,6.875589,7.418090
2.958025,5.066930,6.659928,7.459256,6.986577,6.322445,5.271367,3.859532,3.791298,4.143922,4.994631,5.947549,6.751650,6.492551,6.875589,7.418090
3.072163,5.325951,6.880906,7.724151,7.375847,6.373062,5.172607,3.901893,3.701672,4.197104,5.057612,5.851337,6.382018,6.549186,7.180780,7.348836
3.101898,5.418080,6.957912,7.133122,7.214949,6.529703,5.172607,3.880605,3.768520,4.197104,5.122131,6.256111,6.483448,6.549186,7.180780,7.418090
3.116955,5.371632,6.880906,7.133122,7.294492,6.529703,5.205153,3.945125,3.909093,4.279342,5.256026,6.310683,6.751650,6.606843,6.994448,7.488693
3.178483,5.108396,7.117310,7.292548,7.137154,6.476672,5.305048,3.967076,3.837620,4.453343,5.154986,6.366220,6.696252,6.436909,6.934502,7.488693
3.274872,5.562238,6.731972,7.292548,7.720745,6.529703,5.172607,4.011669,3.837620,4.279342,5.360951,6.256111,6.382018,6.665551,7.117557,7.280891
3.325024,5.611968,7.036692,7.292548,7.294492,6.529703,5.339123,3.989256,3.837620,4.307437,5.290558,6.422750,6.588137,6.492551,6.934502,7.560687
3.291439,5.562238,7.117310,7.374960,7.137154,6.529703,5.339123,3.989256,3.983068,4.364691,5.154986,6.422750,6.696252,6.492551,6.934502,7.488693
3.342044,5.766521,7.117310,7.211956,7.459079,6.529703,5.172607,4.034318,3.958123,4.514379,5.325530,6.480300,6.483448,6.492551,7.180780,7.348836
3.447515,5.819912,7.117310,7.292548,7.544257,6.583578,5.373597,4.057207,4.008307,4.514379,5.470001,6.480300,6.588137,6.549186,7.117557,7.488693
3.465673,5.874283,7.199836,7.292548,7.459079,6.638318,5.408477,4.057207,4.139101,4.514379,5.545120,6.538899,6.641755,6.549186,6.994448,7.488693
3.578325,5.986084,7.117310,7.292548,7.905935,6.693946,5.238070,4.057207,4.059687,4.514379,5.622269,6.598579,6.483448,6.665551,7.310727,7.280891
3.617353,6.102168,7.117310,7.459256,7.459079,6.638318,5.408477,4.057207,4.059687,4.514379,5.545120,6.538899,6.641755,6.492551,6.934502,7.488693
3.578325,6.043575,7.199836,7.459256,7.375847,6.529703,5.339123,4.057207,4.139101,4.514379,5.433177,6.598579,6.641755,6.492551,6.875589,7.488693
3.578325,5.986084,7.199836,7.374960,7.375847,6.476672,5.205153,3.945125,4.139101,4.514379,5.290558,6.422750,6.588137,6.382233,6.994448,7.418090
3.578325,6.043575,7.199836,7.459256,7.459079,6.476672,5.172607,3.901893,4.008307,4.514379,5.256026,6.422750,6.483448,6.382233,6.875589,7.348836
3.617353,6.161897,7.199836,7.459256,7.375847,6.424465,5.205153,3.923398,3.983068,4.514379,5.256026,6.422750,6.588137,6.436909,6.760755,7.418090
3.578325,5.986084,7.284341,7.724151,7.137154,6.322445,5.238070,3.945125,4.033845,4.514379,5.290558,6.310683,6.696252,6.549186,6.649735,7.488693
3.617353,6.161897,7.199836,7.292548,7.720745,6.322445,4.984802,4.057207,4.033845,4.514379,5.433177,6.256111,6.332476,6.725341,7.117557,7.148778
3.760231,6.161897,7.117310,7.292548,7.812211,6.322445,5.046022,4.057207,4.033845,4.514379,5.507312,6.310683,6.332476,6.786244,7.117557,7.084536
3.824651,5.986084,7.036692,7.292548,7.720745,6.529703,5.205153,4.057207,4.008307,4.577038,5.622269,6.310683,6.382018,6.549186,6.875589,7.488693
3.697763,6.102168,7.199836,8.108275,7.720745,6.223492,5.172607,4.175398,4.139101,4.608998,5.545120,6.256111,6.535375,6.975971,6.760755,7.148778
3.739196,5.766521,7.199836,8.008674,7.294492,6.322445,5.339123,4.057207,4.221473,4.810166,5.433177,6.256111,6.751650,6.606843,6.875589,7.560687
3.677358,6.043575,7.370900,7.724151,7.294492,6.322445,5.271367,4.057207,4.249618,4.674224,5.545120,6.480300,6.807972,6.786244,6.875589,7.418090
3.718375,6.161897,7.284341,7.545505,7.375847,6.476672,5.205153,4.057207,4.249618,4.608998,5.545120,6.538899,6.696252,6.436909,6.934502,7.488693
3.697763,6.161897,7.117310,7.459256,7.459079,6.476672,5.205153,4.034318,4.139101,4.641391,5.583435,6.538899,6.535375,6.382233,6.994448,7.488693
3.697763,6.161897,7.199836,7.459256,7.137154,6.373062,5.271367,4.011669,4.139101,4.608998,5.545120,6.598579,6.696252,6.492551,6.760755,7.488693
3.657157,6.043575,7.284341,7.545505,7.544257,6.529703,4.984802,4.103721,4.193676,4.674224,5.507312,6.538899,6.696252,6.549186,7.117557,6.959513
3.802955,5.662575,7.284341,7.292548,7.631454,6.373062,4.954691,4.151246,4.059687,4.810166,5.507312,6.598579,6.483448,6.549186,6.994448,6.959513
3.697763,6.161897,7.117310,7.633778,7.720745,6.322445,5.238070,4.057207,4.166221,4.577038,5.661632,6.422750,6.535375,6.606843,6.934502,7.280891
3.781483,5.662575,7.284341,7.292548,7.720745,6.175122,5.140428,4.057207,4.059687,4.845356,5.507312,6.538899,6.382018,6.975971,6.649735,7.418090
3.697763,5.766521,7.284341,7.292548,7.720745,6.272594,5.140428,4.080340,4.085840,4.810166,5.433177,6.598579,6.382018,6.975971,6.649735,7.280891
3.617353,5.986084,7.036692,7.724151,7.214949,6.373062,5.077141,4.175398,4.139101,4.674224,5.433177,6.538899,6.641755,6.786244,6.994448,7.214218
3.578325,5.986084,6.731972,7.816701,7.294492,6.373062,5.046022,4.199815,4.193676,4.608998,5.583435,6.310683,6.696252,6.665551,7.180780,7.021459
3.617353,6.161897,7.117310,7.724151,7.544257,6.476672,5.077141,4.175398,4.278117,4.641391,5.701536,6.256111,6.696252,6.492551,7.310727,7.021459
3.637156,5.874283,7.199836,7.292548,7.631454,6.175122,5.339123,4.057207,4.249618,4.674224,5.583435,6.598579,6.483448,6.975971,6.934502,7.348836
3.677358,5.611968,7.284341,7.292548,7.720745,6.175122,5.238070,4.127355,4.112309,4.881048,5.507312,6.659369,6.483448,6.911524,6.934502,7.560687
3.578325,5.986084,6.731972,7.911513,7.294492,6.529703,5.077141,4.199815,4.193676,4.741254,5.661632,6.202478,6.807972,6.665551,6.994448,7.148778
3.559095,6.161897,7.036692,7.633778,7.631454,6.322445,5.238070,4.057207,4.278117,4.674224,5.661632,6.366220,6.641755,6.786244,6.934502,7.348836
3.637156,5.611968,7.284341,7.292548,7.720745,6.175122,5.271367,4.057207,4.085840,4.881048,5.507312,6.659369,6.483448,6.848294,6.875589,7.488693
3.657157,5.766521,7.284341,7.292548,7.631454,6.175122,5.339123,4.057207,4.085840,4.917254,5.507312,6.659369,6.483448,6.911524,6.875589,7.488693
3.637156,5.611968,7.199836,7.292548,7.544257,6.322445,5.339123,4.034318,4.085840,4.881048,5.545120,6.422750,6.696252,6.606843,6.934502,7.418090
3.657157,5.714085,7.284341,7.292548,7.720745,6.175122,5.271367,4.057207,4.139101,4.917254,5.545120,6.784418,6.483448,6.975971,6.875589,7.488693
3.657157,5.766521,7.284341,7.292548,7.720745,6.175122,5.339123,4.057207,4.139101,4.917254,5.545120,6.659369,6.483448,6.975971,6.875589,7.488693
3.637156,5.819912,6.805613,7.724151,7.544257,6.476672,5.238070,4.057207,4.193676,4.881048,5.741992,6.538899,6.807972,6.549186,7.117557,7.488693
3.578325,6.161897,7.117310,7.292548,7.631454,6.476672,5.305048,4.300237,4.278117,4.775469,5.701536,6.659369,6.483448,6.786244,7.117557,7.148778
3.578325,5.611968,7.284341,7.292548,7.375847,6.476672,5.339123,4.127355,4.336211,4.845356,5.661632,6.848746,6.751650,6.665551,6.934502,7.709025
3.597743,6.161897,7.284341,7.292548,7.459079,6.272594,5.339123,4.224503,4.278117,4.775469,5.622269,6.480300,6.696252,6.975971,6.934502,7.560687
3.559095,5.874283,7.199836,7.545505,7.294492,6.424465,5.443772,4.224503,4.395813,4.845356,5.661632,6.721305,6.923489,6.848294,6.934502,7.634116
3.559095,5.874283,7.199836,7.545505,7.544257,6.476672,5.373597,4.175398,4.395813,4.775469,5.661632,6.659369,6.865243,6.665551,6.934502,7.785461
3.578325,6.161897,7.199836,7.459256,7.375847,6.373062,5.339123,4.127355,4.306980,4.810166,5.701536,6.848746,6.807972,6.975971,6.994448,7.709025
3.578325,6.102168,7.117310,7.292548,7.459079,6.476672,5.373597,4.103721,4.278117,4.775469,5.701536,6.659369,6.751650,6.606843,7.117557,7.785461
3.540050,6.043575,7.199836,7.459256,7.294492,6.529703,5.205153,4.103721,4.278117,4.775469,5.622269,6.848746,6.923489,6.665551,7.245159,7.785461
3.559095,5.986084,7.117310,7.292548,7.214949,6.476672,5.339123,4.103721,4.278117,4.775469,5.701536,6.659369,6.751650,6.549186,6.994448,7.709025
3.502507,5.874283,7.199836,7.292548,7.294492,6.476672,5.339123,4.127355,4.278117,4.775469,5.583435,6.848746,6.865243,6.665551,6.994448,7.709025
3.521189,6.043575,7.284341,7.292548,7.459079,6.476672,5.205153,4.103721,4.278117,4.775469,5.622269,6.659369,6.751650,6.665551,7.377518,7.709025
3.597743,5.986084,6.731972,7.292548,7.631454,6.424465,5.140428,4.326055,4.193676,4.845356,5.952991,6.848746,6.641755,7.041672,7.585602,7.280891
3.540050,5.611968,6.957912,7.816701,7.294492,6.476672,5.408477,4.199815,4.395813,4.991257,5.741992,6.366220,7.043008,6.848294,6.994448,7.785461
3.521189,6.043575,7.199836,7.292548,7.375847,6.529703,5.373597,4.274709,4.306980,4.810166,5.741992,6.848746,6.982735,6.665551,7.445569,7.785461
3.597743,5.986084,6.880906,7.292548,7.459079,6.693946,5.271367,4.199815,4.221473,4.845356,5.952991,6.659369,6.807972,6.848294,7.585602,7.709025
3.597743,5.662575,6.731972,7.911513,7.375847,6.373062,5.479489,4.300237,4.249618,5.029079,5.909586,6.310683,7.043008,7.041672,6.994448,7.785461
3.429527,5.662575,7.036692,7.633778,7.137154,6.476672,5.479489,4.175398,4.488180,4.845356,5.741992,6.721305,7.043008,6.725341,7.180780,7.785461
3.447515,5.929664,7.199836,7.292548,7.294492,6.476672,5.408477,4.151246,4.395813,4.810166,5.701536,6.848746,6.982735,6.725341,7.445569,7.943114
3.465673,5.874283,7.199836,7.292548,7.375847,6.529703,5.305048,4.151246,4.336211,4.775469,5.741992,6.848746,6.807972,6.725341,7.445569,7.785461
3.484002,5.819912,7.199836,7.292548,7.294492,6.424465,5.408477,4.249466,4.306980,4.810166,5.701536,6.848746,7.043008,6.725341,6.994448,7.785461
3.429527,5.662575,7.117310,7.545505,7.137154,6.424465,5.479489,4.274709,4.395813,4.845356,5.661632,6.784418,6.982735,6.848294,6.994448,7.785461
3.429527,5.662575,7.036692,7.633778,7.137154,6.424465,5.443772,4.300237,4.488180,4.845356,5.661632,6.721305,6.982735,6.848294,6.934502,7.709025
3.447515,5.662575,7.117310,7.633778,7.137154,6.424465,5.408477,4.199815,4.426198,4.845356,5.661632,6.721305,7.104337,6.848294,6.994448,7.943114
3.429527,5.819912,7.199836,7.292548,7.214949,6.476672,5.408477,4.199815,4.395813,4.775469,5.741992,6.848746,6.982735,6.725341,7.377518,7.943114
3.465673,5.766521,7.117310,7.133122,7.214949,6.529703,5.408477,4.199815,4.306980,4.810166,5.741992,6.848746,6.923489,6.911524,7.377518,8.024438
3.465673,5.819912,7.117310,7.292548,7.137154,6.476672,5.479489,4.274709,4.395813,4.775469,5.741992,6.848746,7.104337,6.848294,7.180780,8.107500
3.447515,5.662575,7.199836,7.545505,7.137154,6.424465,5.479489,4.326055,4.426198,4.845356,5.783012,6.721305,7.294956,6.975971,7.180780,7.943114
3.429527,5.714085,7.117310,7.459256,7.137154,6.424465,5.515635,4.326055,4.426198,4.845356,5.701536,6.848746,7.294956,6.975971,7.180780,7.943114
3.429527,5.662575,7.117310,7.459256,7.137154,6.476672,5.339123,4.405301,4.519793,4.845356,5.741992,6.914325,7.104337,6.975971,7.445569,7.863473
3.465673,5.562238,6.805613,7.724151,7.720745,6.373062,5.443772,4.352168,4.519793,4.991257,5.824609,6.366220,6.923489,7.390406,7.117557,7.943114
3.429527,5.662575,7.117310,7.545505,7.137154,6.424465,5.515635,4.274709,4.488180,4.845356,5.701536,6.721305,7.294956,7.176992,7.180780,8.107500
3.429527,5.819912,7.117310,7.292548,7.137154,6.476672,5.552219,4.274709,4.426198,4.775469,5.741992,6.981195,7.104337,6.975971,7.180780,8.107500
3.447515,5.766521,7.117310,7.459256,7.137154,6.476672,5.552219,4.326055,4.519793,4.810166,5.741992,6.914325,7.104337,6.975971,7.180780,8.192359
3.521189,5.819912,7.117310,7.374960,7.544257,6.638318,5.626732,4.326055,4.456985,4.881048,5.741992,6.981195,7.230280,7.176992,7.310727,8.024438
3.578325,5.874283,7.199836,7.292548,7.375847,6.638318,5.626732,4.459680,4.519793,5.029079,5.866796,6.914325,7.166751,7.246695,7.310727,8.107500
3.578325,6.043575,7.199836,7.459256,7.214949,6.476672,5.664678,4.515353,4.650601,5.029079,5.866796,6.981195,7.427881,7.390406,7.245159,8.192359
3.578325,6.043575,7.199836,7.459256,7.544257,6.925787,5.626732,4.515353,4.684440,5.067464,5.952991,6.914325,7.230280,7.246695,7.585602,8.279079
3.657157,5.766521,7.199836,7.459256,7.631454,6.986203,5.703096,4.543690,4.617227,5.268329,5.952991,6.981195,7.294956,7.317818,7.806096,8.458360
3.697763,6.161897,7.117310,7.459256,7.631454,6.986203,5.741995,4.601395,4.753553,5.106427,6.179772,7.189953,7.294956,7.246695,7.657665,8.458360
3.760231,5.986084,7.117310,7.374960,8.201575,6.866379,5.664678,4.660520,4.718754,5.226916,6.373844,6.981195,7.104337,7.464509,7.960573,8.551060
3.868729,5.766521,7.036692,8.108275,7.459079,6.638318,5.902586,4.660520,4.788847,5.577383,6.324204,6.721305,7.565802,7.859586,7.657665,8.551060
3.913749,6.222796,7.284341,7.459256,8.201575,7.047653,5.902586,4.721122,4.824650,5.268329,6.324204,7.118965,7.294956,7.317818,7.960573,8.458360
3.913749,6.284903,7.459594,7.724151,8.100521,7.047653,5.944033,4.721122,4.973168,5.268329,6.275325,7.336362,7.427881,7.317818,7.806096,8.551060
3.983113,6.284903,7.370900,8.108275,8.521050,6.866379,5.861669,5.013751,5.011687,5.396536,6.424262,6.981195,7.166751,7.617462,7.585602,7.863473
4.079203,6.102168,7.643724,8.422720,7.812211,6.693946,6.028558,4.979515,5.090486,5.821098,6.475477,7.189953,7.782716,7.696419,7.377518,8.024438
4.006741,6.161897,7.938175,8.315193,8.002008,6.925787,6.071658,4.945731,5.213303,5.672389,6.324204,7.336362,7.565802,7.540177,7.445569,8.551060
4.128875,6.614926,7.643724,8.210414,8.305273,7.047653,5.861669,4.979515,5.213303,5.672389,6.424262,7.411881,7.230280,7.464509,7.960573,8.279079
4.339345,6.614926,7.643724,8.315193,8.633368,7.238492,5.861669,5.083614,5.050789,5.924638,6.800680,7.262403,7.166751,7.464509,7.882555,8.279079
4.423533,6.905015,7.643724,8.008674,8.633368,7.047653,5.902586,5.229191,5.171728,5.924638,6.800680,7.489012,7.230280,7.696419,7.882555,8.107500
4.510850,6.905015,7.643724,8.646480,8.633368,6.986203,6.115333,5.383160,5.298439,6.200405,6.800680,7.489012,7.360812,8.118420,7.882555,7.943114
4.481386,6.614926,8.369367,8.762962,8.100521,7.238492,6.390117,5.343840,5.668078,6.143206,6.634110,7.411881,7.857860,7.777107,7.882555,8.742953
4.452282,6.981579,8.603765,8.533108,8.521050,7.509229,6.390117,5.343840,5.717882,6.031935,6.688721,7.900857,7.636729,7.540177,8.040201,8.742953
4.601484,7.305784,8.603765,8.315193,8.305273,7.304367,6.390117,5.423054,5.872632,5.977804,7.097701,8.079007,7.709020,7.540177,8.040201,8.742953
4.793521,7.479604,8.603765,8.315193,8.411726,7.371426,6.342739,5.423054,5.872632,6.031935,7.097701,8.079007,7.636729,7.696419,8.040201,8.842307
4.895382,7.569706,8.726175,8.315193,8.411726,7.110165,6.028558,5.504613,5.980501,6.143206,7.097701,8.079007,7.709020,7.617462,8.375903,8.842307
5.074695,7.662045,8.484881,8.210414,8.305273,6.986203,5.902586,5.504613,6.268282,6.699942,7.422000,8.171240,7.709020,7.696419,8.375903,9.155054
5.389517,7.853794,8.852279,8.315193,7.905935,6.583578,5.861669,5.546307,6.149912,6.699942,7.097701,8.171240,8.012676,7.859586,8.375903,9.491900
5.474235,7.853794,7.837457,8.008674,7.137154,6.424465,5.781384,5.631595,6.208532,6.699942,7.777707,8.362424,8.516992,8.030174,8.375903,9.855894
5.651720,7.953396,8.257074,8.008674,7.720745,6.175122,5.479489,5.810213,6.721242,6.768195,7.777707,8.461548,8.256953,8.798557,9.358600,9.376762
5.940179,7.479604,7.643724,8.008674,7.544257,5.812588,5.703096,6.049991,6.652533,7.370146,8.088232,8.362424,8.428463,9.244557,9.039347,9.855894
5.697866,7.305784,8.369367,7.724151,7.214949,5.899359,5.703096,5.856640,7.245716,7.453228,8.169855,9.111986,8.990014,8.694090,9.584925,10.680408
5.940179,7.662045,7.938175,7.133122,6.703964,5.605903,5.626732,5.856640,7.087554,7.370146,8.338259,8.996398,8.699915,9.244557,9.946891,10.832309
5.697866,7.305784,7.837457,7.133122,6.145251,5.488437,5.479489,6.100339,7.327530,7.995524,8.253179,9.607357,9.634832,9.015697,9.946891,10.988880
5.389517,6.830123,7.199836,6.493782,5.821787,5.231579,5.408477,6.049991,7.411256,7.995524,8.425155,9.740209,9.634832,9.612108,10.204686,11.488980
5.074695,6.478851,6.880906,6.305110,5.395232,4.870490,5.408477,6.049991,7.411256,8.093989,8.513927,9.607357,9.994782,9.875056,10.477031,11.850375
4.793521,6.043575,6.452851,6.069662,5.103643,4.839948,5.373597,6.310426,7.584732,7.995524,8.697362,9.352779,9.871721,9.612108,10.619070,11.850375
4.452282,5.513362,5.635486,5.191935,4.913462,4.472749,5.339123,6.777650,7.958008,8.405179,9.409008,9.352779,9.871721,10.931696,10.915789,11.666684
4.030629,4.907346,5.166992,4.951246,4.387140,4.319963,5.552219,6.477802,8.057328,8.861351,8.988296,9.607357,10.520903,10.765987,10.765258,12.440716
3.578325,4.481496,4.843683,4.371157,4.162328,4.446609,5.626732,6.535604,8.057328,8.195014,8.988296,10.312938,10.661644,10.765987,11.565675,13.098141
3.226043,4.092677,4.271434,4.112665,3.958162,4.319963,5.781384,6.715449,7.958008,8.861351,9.752373,9.740209,10.955347,11.653918,12.110280,12.870819
2.812580,3.603565,3.697111,3.716268,3.982656,4.552873,5.821272,7.248259,7.958008,8.983655,9.996151,10.017918,10.121091,10.931696,12.304270,12.237031
2.461537,3.057802,3.323886,3.522283,3.771815,4.499170,6.159593,7.548526,8.263869,9.372928,9.872695,9.607357,11.108684,11.851038,11.741301,11.666684
2.065456,2.679752,3.077619,3.149599,3.520728,4.580165,6.296011,7.321004,8.955332,8.983655,9.752373,10.627027,11.266614,11.103025,11.922733,13.835440
1.778580,2.363502,2.632511,2.811974,3.424879,4.552873,6.296011,7.395263,8.263869,8.742498,9.635060,10.467480,10.250783,10.765987,11.922733,12.237031
1.522276,1.970125,2.218249,2.496171,3.131386,4.420745,5.861669,6.905633,8.159246,8.626944,9.752373,9.877001,10.661644,10.931696,12.110280,12.651834
1.279319,1.614321,1.877407,2.243779,2.993439,4.199687,5.664678,6.905633,7.958008,8.983655,9.300053,10.163160,9.871721,10.605614,11.565675,11.850375
1.078101,1.338928,1.627834,2.071304,2.785718,4.041094,5.821272,6.594459,7.958008,7.995524,8.697362,8.667330,9.634832,9.363699,10.338960,11.488980
0.983526,1.255617,1.694788,2.263230,3.229699,4.839948,6.586416,7.321004,7.861183,8.093989,8.338259,9.478268,9.994782,9.612108,10.915789,11.666684
1.056530,1.395320,1.862891,2.590604,3.794217,5.196715,6.848223,8.140812,8.595150,9.372928,10.122868,9.877001,10.121091,11.463794,11.395570,11.850375
0.950559,1.226614,1.759211,2.542673,3.771815,5.488437,6.848223,7.875585,9.213534,9.109570,9.752373,10.962195,10.520903,10.765987,12.304270,13.334308
0.908518,1.126000,1.682320,2.542673,3.982656,5.566225,7.249391,8.328191,9.348581,9.239267,9.872695,10.962195,10.955347,11.463794,12.505059,11.850375
0.870954,1.058820,1.610238,2.566456,4.083510,5.812588,7.630330,7.875585,9.348581,9.239267,9.872695,11.320751,10.955347,10.931696,12.110280,13.835440
0.861223,1.025383,1.592914,2.652636,4.189236,6.080509,7.435227,9.061540,9.213534,9.799695,10.386645,11.320751,11.266614,11.103025,13.384291,12.040375
0.854001,0.993172,1.564627,2.717156,4.162328,5.855668,7.978113,8.524778,9.779926,10.437629,9.872695,10.962195,11.948882,11.653918,11.922733,13.334308
0.835055,0.965173,1.473584,2.627533,4.244042,5.943675,7.697548,8.050368,9.631559,9.951285,10.810469,11.908394,11.266614,11.653918,12.713027,13.579875
0.825749,0.923372,1.399247,2.530916,4.135741,6.034235,7.835430,8.140812,9.213534,9.799695,10.524003,11.320751,10.955347,10.765987,11.922733,13.334308
0.814267,0.900390,1.338884,2.496171,4.162328,5.812588,7.435227,8.626750,9.348581,9.510745,10.810469,11.320751,10.955347,12.267959,12.304270,11.850375
0.805201,0.864363,1.286206,2.462193,3.910003,5.646118,7.372286,8.328191,9.487853,9.652927,9.996151,10.791839,11.597149,12.055569,11.922733,12.040375
0.796240,0.861657,1.236210,2.354148,3.886328,5.605903,7.249391,7.708477,9.348581,9.109570,9.872695,10.791839,10.250783,10.765987,12.110280,13.098141
0.802951,0.850922,1.169568,2.159408,3.706040,5.450306,7.189389,7.548526,8.595150,8.861351,10.386645,10.627027,10.661644,10.765987,11.922733,12.870819
0.805201,0.842963,1.121632,2.021063,3.501174,5.162281,6.794312,7.471087,8.481696,8.861351,9.996151,10.467480,10.121091,10.765987,11.741301,12.651834
0.805201,0.845607,1.086397,1.903242,3.229699,4.870490,6.637262,7.791105,8.481696,8.861351,9.752373,10.017918,10.384003,10.765987,11.230718,11.850375
0.821136,0.848260,1.052495,1.781667,3.053409,4.552873,6.071658,7.321004,7.958008,8.626944,9.635060,9.740209,9.871721,10.765987,11.565675,11.850375
0.837399,0.853592,1.036018,1.689861,2.747130,4.041094,5.781384,6.777650,7.958008,8.983655,9.300053,8.883841,10.384003,10.450309,10.619070,11.850375
0.837399,0.875280,1.039289,1.564313,2.447228,3.715935,5.205153,6.256553,7.958008,7.995524,8.425155,9.740209,9.751778,9.612108,10.915789,11.316962
0.861223,0.886345,1.019847,1.482446,2.233375,3.187059,4.725054,6.100339,7.165745,8.093989,8.889114,8.667330,8.990014,10.153931,10.204686,10.389766
0.868510,0.891934,1.042572,1.421092,1.942260,2.774238,4.226332,5.343840,7.087554,7.538268,7.929876,8.667330,9.300848,8.905722,9.584925,10.832309
0.870954,0.941033,1.096824,1.349063,1.779417,2.396099,3.648653,4.945731,6.863059,6.909050,7.631356,8.171240,8.607453,8.694090,9.946891,10.250636
0.893285,0.980615,1.158283,1.391685,1.664512,2.056622,3.207171,4.543690,5.872632,6.837882,7.288761,7.411881,8.173851,8.208729,8.838856,10.389766
0.903409,1.069101,1.256730,1.456457,1.619349,1.881549,2.745060,4.224503,5.872632,6.200405,7.223934,7.262403,7.857860,7.859586,9.039347,9.376762
0.929274,1.144530,1.384996,1.525357,1.624897,1.705207,2.443147,3.737409,5.523674,5.872411,6.580380,6.981195,7.104337,7.696419,8.464422,9.376762
0.947869,1.210424,1.478732,1.598809,1.636076,1.605361,2.166043,3.427068,5.213303,6.143206,6.634110,6.981195,7.427881,7.696419,8.375903,9.264518
0.986332,1.316322,1.633760,1.728352,1.693672,1.580430,1.946005,3.047270,4.860971,5.672389,6.324204,6.721305,7.043008,7.246695,8.289284,9.155054
1.012000,1.395320,1.752607,1.888314,1.773082,1.556024,1.767921,2.793475,4.551832,5.485484,6.275325,6.310683,6.923489,7.246695,7.960573,8.842307
1.044434,1.475594,1.870128,1.988592,1.878650,1.575507,1.652743,2.533513,4.249618,5.268329,6.041709,6.659369,6.696252,7.041672,7.806096,8.645898
1.065711,1.545554,1.976113,2.132379,2.009232,1.630835,1.601443,2.364014,3.983068,5.029079,5.783012,6.538899,6.432336,6.848294,7.445569,8.367723
1.090664,1.585153,2.057602,2.243779,2.104260,1.694297,1.581516,2.204376,3.814329,4.917254,5.701536,6.538899,6.432336,6.786244,7.445569,8.458360
1.119583,1.644258,2.144480,2.364608,2.206560,1.761269,1.571675,2.090220,3.513540,4.845356,5.622269,6.310683,6.432336,6.786244,7.377518,8.192359
1.149443,1.725936,2.276283,2.519248,2.326655,1.819983,1.561915,1.985118,3.323894,4.577038,5.325530,5.996846,6.332476,6.786244,7.377518,8.192359
1.149443,1.752255,2.316349,2.554519,2.385696,1.850396,1.547424,1.857227,3.253094,4.393865,5.290558,6.046966,6.283692,6.725341,7.377518,7.943114
1.166456,1.820694,2.400010,2.678136,2.522391,1.919949,1.561915,1.769340,3.071543,4.091996,5.122131,5.899053,6.188323,6.606843,7.117557,7.943114
1.180292,1.827755,2.454848,2.743697,2.613109,2.042316,1.591438,1.682254,2.878769,4.143922,5.057612,5.758172,6.050517,6.024473,6.875589,7.560687
1.197877,1.863680,2.535184,2.854318,2.709444,2.056622,1.601443,1.586746,2.680938,3.967383,4.873060,5.667903,6.050517,6.172683,6.704780,7.418090
1.215793,1.923406,2.570964,2.942302,2.852127,2.122902,1.616607,1.512229,2.472206,3.782133,4.756997,5.623811,5.593038,6.122464,6.595593,7.418090
1.245172,1.962220,2.645119,3.003546,2.893291,2.192467,1.637125,1.468136,2.298651,3.572000,4.592410,5.372848,5.710943,6.024473,6.595593,7.280891
1.263996,1.994138,2.709718,3.066994,2.921306,2.240795,1.668561,1.446758,2.152637,3.418742,4.438228,5.294018,5.671106,6.024473,6.489933,7.214218
1.287072,2.051948,2.749775,3.236117,3.131386,2.378027,1.762192,1.489955,2.044550,3.260018,4.316970,5.070543,5.479786,5.662275,6.192416,6.780157
1.314691,2.112398,2.818826,3.218487,3.147402,2.405215,1.802841,1.512229,1.982193,3.161377,4.293457,5.217421,5.554785,6.024473,6.288503,7.084536
1.318699,2.139161,2.935706,3.383439,3.280928,2.548820,1.869395,1.534974,1.989825,3.177445,4.179375,5.106502,5.517038,5.705133,6.240090,6.959513
1.318699,2.130181,2.920642,3.441742,3.280928,2.579179,1.900789,1.558204,1.982193,3.226533,4.201739,5.142961,5.593038,5.837715,6.438371,7.084536
1.338985,2.184966,2.981720,3.542940,3.406271,2.684693,1.972533,1.572383,1.974606,3.161377,4.157230,5.070543,5.517038,5.705133,6.240090,6.838892
1.363877,2.194312,2.950906,3.542940,3.443670,2.684693,2.006427,1.601297,1.930009,3.145452,4.247139,5.070543,5.443020,5.976660,6.288503,6.959513
1.380815,2.194312,3.029006,3.461571,3.443670,2.762781,2.069584,1.620999,1.901129,3.098523,4.179375,5.217421,5.631808,5.837715,6.145466,6.959513
1.385094,2.261555,3.110794,3.649533,3.600961,2.844649,2.120723,1.630981,1.901129,2.993702,4.008083,4.965561,5.554785,5.662275,6.099220,6.780157
1.398036,2.281372,3.077619,3.649533,3.520728,2.856669,2.143207,1.636005,1.859026,2.922576,4.049680,5.142961,5.517038,5.929608,6.145466,6.780157
1.406755,2.271429,3.061263,3.671539,3.706040,2.943216,2.173735,1.620999,1.831736,2.908705,4.028783,5.035074,5.370905,5.578467,6.053664,6.780157
1.385094,2.301469,3.161754,3.716268,3.706040,2.905600,2.189240,1.656329,1.838501,2.814724,3.887867,4.931497,5.479786,5.883299,6.192416,6.448087
1.402386,2.311625,3.110794,3.671539,3.794217,3.007736,2.244819,1.671813,1.785404,2.763350,3.947138,5.035074,5.335538,5.662275,6.099220,6.294032
1.389390,2.251750,3.144605,3.856506,3.771815,3.047589,2.236752,1.661467,1.805043,2.814724,3.907443,4.897883,5.300618,5.662275,6.053664,6.780157
1.406755,2.311625,3.179069,3.716268,3.933946,3.116010,2.319427,1.708776,1.791915,2.713567,3.868470,4.931497,5.165244,5.620058,6.099220,6.448087
1.415547,2.332153,3.179069,3.761983,3.886328,3.158314,2.362499,1.752511,1.785404,2.713567,3.849248,5.000083,5.300618,5.620058,6.099220,6.344556
1.428875,2.363502,3.179069,3.808717,3.982656,3.216250,2.371258,1.769340,1.785404,2.713567,3.849248,4.965561,5.232087,5.578467,6.099220,6.395901
1.424414,2.363502,3.214208,3.808717,3.862917,3.260896,2.443147,1.792156,1.805043,2.713567,3.830200,4.931497,5.479786,5.662275,6.099220,6.555072
1.424414,2.374104,3.305146,3.905388,3.886328,3.276013,2.489783,1.833158,1.838501,2.677228,3.719412,4.736240,5.370905,5.748648,5.878018,6.344556
1.428875,2.363502,3.196553,3.880808,4.032496,3.337695,2.499274,1.792156,1.798461,2.641711,3.792613,4.864710,5.266137,5.537489,5.878018,6.609917
1.419971,2.395539,3.196553,3.856506,4.032496,3.401391,2.537803,1.827215,1.785404,2.573027,3.737471,4.931497,5.266137,5.578467,5.878018,6.395901
1.406755,2.352977,3.323886,3.955402,4.057854,3.337695,2.557412,1.863318,1.818316,2.595582,3.631431,4.674424,5.370905,5.748648,6.053664,6.344556
1.419971,2.352977,3.214208,4.006591,4.162328,3.417642,2.577257,1.863318,1.778929,2.584263,3.719412,4.736240,5.165244,5.578467,6.008781,6.555072
1.415547,2.384782,3.232037,3.905388,4.162328,3.467207,2.659086,1.887992,1.798461,2.528893,3.666169,4.736240,5.266137,5.578467,5.835678,6.448087
1.406755,2.363502,3.361941,3.955402,4.083510,3.417642,2.680179,1.958478,1.831736,2.539806,3.597281,4.767741,5.300618,5.705133,6.053664,6.344556
1.428875,2.395539,3.286594,3.955402,4.271953,3.552627,2.767239,1.991866,1.811662,2.518058,3.666169,4.799647,5.266137,5.620058,5.920973,6.294032
1.406755,2.406376,3.400785,4.112665,4.162328,3.570150,2.789704,2.026146,1.852146,2.550799,3.563702,4.674424,5.370905,5.705133,6.008781,6.195365
1.424414,2.352977,3.323886,4.223987,4.387140,3.715935,2.812459,2.005469,1.838501,2.550799,3.614284,4.674424,5.132435,5.578467,5.878018,6.501136
1.415547,2.406376,3.342816,4.112665,4.216472,3.678525,2.870658,2.068513,1.852146,2.496620,3.597281,4.767741,5.335538,5.662275,5.878018,6.195365
1.402386,2.352977,3.323886,4.223987,4.387140,3.641769,2.847150,2.054237,1.859026,2.528893,3.597281,4.584548,5.165244,5.748648,6.008781,6.448087
1.402386,2.384782,3.268227,4.112665,4.271953,3.697147,2.930807,2.104892,1.872902,2.454646,3.580421,4.644093,5.335538,5.662275,5.793937,6.294032
1.393704,2.321852,3.361941,4.195642,4.416858,3.715935,2.894478,2.119727,1.872902,2.507300,3.563702,4.555320,5.100025,5.662275,6.008781,6.195365
1.406755,2.395539,3.305146,4.112665,4.416858,3.792789,2.943080,2.112289,1.865944,2.423931,3.530681,4.705137,5.198458,5.578467,6.008781,6.555072
1.389390,2.374104,3.400785,4.112665,4.328824,3.832273,3.005704,2.149900,1.879898,2.444336,3.403887,4.644093,5.266137,5.537489,5.835678,6.344556
1.376555,2.352977,3.286594,4.112665,4.300211,3.832273,3.044320,2.188588,1.915486,2.423931,3.482162,4.614137,5.335538,5.620058,5.793937,6.195365
1.385094,2.321852,3.381263,4.281744,4.571360,3.852287,2.993008,2.212339,1.915486,2.465029,3.450472,4.497918,5.100025,5.578467,6.008781,6.244309
1.402386,2.384782,3.323886,4.167645,4.477452,3.913454,3.110496,2.204376,1.894012,2.403806,3.466252,4.705137,5.198458,5.578467,5.793937,6.294032
1.376555,2.374104,3.400785,4.195642,4.328824,3.852287,3.165144,2.277743,1.959566,2.423931,3.403887,4.555320,5.335538,5.662275,5.752784,6.195365
1.393704,2.342528,3.361941,4.281744,4.571360,3.997734,3.165144,2.277743,1.952112,2.486015,3.482162,4.555320,5.100025,5.578467,5.878018,6.448087
1.402386,2.395539,3.305146,4.195642,4.539644,4.019310,3.250122,2.364014,1.989825,2.423931,3.514374,4.644093,5.335538,5.620058,5.878018,6.195365
1.385094,2.384782,3.440443,4.401732,4.669093,4.041094,3.221383,2.364014,2.044550,2.539806,3.450472,4.555320,5.132435,5.620058,6.053664,6.395901
1.406755,2.395539,3.342816,4.281744,4.636076,4.130377,3.294030,2.390942,2.052559,2.496620,3.530681,4.674424,5.198458,5.578467,5.878018,6.501136
1.393704,2.417292,3.361941,4.340973,4.539644,4.063089,3.354119,2.474834,2.093349,2.496620,3.514374,4.555320,5.370905,5.748648,6.008781,6.244309
1.406755,2.395539,3.420510,4.281744,4.636076,4.176353,3.416051,2.455774,2.068724,2.496620,3.450472,4.644093,5.335538,5.578467,5.920973,6.344556
1.380815,2.406376,3.501518,4.464085,4.770902,4.153251,3.384849,2.494140,2.144006,2.518058,3.419290,4.555320,5.165244,5.705133,6.053664,6.501136
1.398036,2.428289,3.420510,4.281744,4.770902,4.247065,3.496193,2.503887,2.144006,2.486015,3.482162,4.705137,5.266137,5.578467,5.878018,6.448087
1.389390,2.428289,3.522313,4.311171,4.702564,4.295414,3.545803,2.594557,2.170066,2.507300,3.434818,4.674424,5.370905,5.662275,5.878018,6.344556
1.380815,2.417292,3.564583,4.495880,4.770902,4.271116,3.562603,2.615456,2.214635,2.518058,3.403887,4.614137,5.266137,5.792837,6.099220,6.344556
1.406755,2.363502,3.460586,4.495880,4.913462,4.395153,3.545803,2.604971,2.178865,2.561872,3.530681,4.644093,5.232087,5.578467,6.145466,6.501136
1.402386,2.428289,3.480943,4.371157,4.913462,4.446609,3.613816,2.636641,2.223724,2.518058,3.514374,4.767741,5.198458,5.620058,6.053664,6.501136
1.402386,2.461776,3.522313,4.401732,4.877059,4.472749,3.666286,2.668968,2.279541,2.507300,3.482162,4.705137,5.300618,5.578467,5.964556,6.501136
1.393704,2.461776,3.543334,4.464085,4.877059,4.472749,3.775185,2.758549,2.298651,2.507300,3.434818,4.736240,5.300618,5.662275,6.053664,6.294032
1.389390,2.406376,3.543334,4.593840,4.805790,4.420745,3.775185,2.781749,2.327805,2.584263,3.450472,4.555320,5.370905,5.748648,6.099220,6.195365
1.402386,2.428289,3.501518,4.528098,4.950393,4.525876,3.701986,2.758549,2.298651,2.584263,3.498202,4.584548,5.232087,5.662275,6.099220,6.555072
1.393704,2.439368,3.564583,4.528098,4.877059,4.525876,3.812715,2.781749,2.308303,2.528893,3.403887,4.674424,5.335538,5.662275,6.053664,6.195365
1.372311,2.406376,3.607784,4.593840,4.877059,4.395153,3.775185,2.817184,2.357566,2.561872,3.373446,4.497918,5.266137,5.837715,6.053664,6.244309
1.398036,2.417292,3.480943,4.401732,4.987864,4.607757,3.812715,2.758549,2.289064,2.518058,3.450472,4.705137,5.165244,5.620058,5.878018,6.448087
1.363877,2.406376,3.564583,4.593840,5.064476,4.580165,3.756656,2.770108,2.377753,2.550799,3.434818,4.441878,5.165244,5.662275,6.099220,6.501136
1.368086,2.406376,3.586065,4.627383,4.877059,4.446609,3.831720,2.853402,2.357566,2.550799,3.388606,4.497918,5.266137,5.883299,6.145466,6.294032
1.385094,2.374104,3.460586,4.464085,5.025887,4.552873,3.812715,2.865654,2.318021,2.528893,3.450472,4.705137,5.198458,5.792837,5.964556,6.244309
1.368086,2.406376,3.564583,4.560748,4.805790,4.580165,3.870218,2.890432,2.367624,2.518058,3.388606,4.584548,5.370905,5.748648,6.099220,6.195365
1.355512,2.352977,3.480943,4.560748,5.143403,4.663863,3.831720,2.841241,2.387953,2.573027,3.466252,4.644093,5.232087,5.662275,6.192416,6.501136
1.355512,2.395539,3.586065,4.593840,4.877059,4.692387,3.949236,2.928303,2.418986,2.550799,3.373446,4.614137,5.335538,5.662275,6.099220,6.195365
1.351355,2.342528,3.564583,4.627383,5.143403,4.635654,3.870218,2.890432,2.418986,2.584263,3.403887,4.497918,5.165244,5.705133,6.099220,6.555072
1.351355,2.374104,3.564583,4.593840,4.913462,4.552873,3.889717,2.941119,2.408569,2.518058,3.343483,4.497918,5.232087,5.792837,6.145466,6.344556
1.355512,2.352977,3.420510,4.401732,5.025887,4.635654,3.929223,2.915584,2.347577,2.528893,3.419290,4.644093,5.300618,5.662275,6.099220,6.195365
1.343092,2.291386,3.381263,4.593840,5.064476,4.635654,3.812715,2.865654,2.357566,2.528893,3.388606,4.469731,5.100025,5.705133,6.145466,6.395901
1.338985,2.321852,3.420510,4.401732,5.025887,4.663863,3.812715,2.841241,2.357566,2.454646,3.343483,4.555320,5.100025,5.578467,6.008781,6.448087
1.322724,2.311625,3.420510,4.401732,4.877059,4.607757,3.889717,2.902961,2.357566,2.444336,3.256349,4.584548,5.266137,5.662275,5.964556,6.147183
1.318699,2.251750,3.440443,4.560748,5.025887,4.552873,3.775185,2.829168,2.308303,2.454646,3.200447,4.414354,5.036370,5.578467,6.008781,6.344556
1.318699,2.301469,3.400785,4.371157,4.877059,4.607757,3.889717,2.853402,2.308303,2.354684,3.214264,4.414354,5.165244,5.620058,5.793937,6.099744
1.302760,2.261555,3.400785,4.495880,5.025887,4.552873,3.756656,2.829168,2.298651,2.393847,3.186733,4.333687,5.036370,5.379419,6.008781,6.244309
1.314691,2.291386,3.305146,4.371157,4.950393,4.580165,3.793871,2.793475,2.279541,2.335496,3.200447,4.441878,5.036370,5.379419,5.878018,6.294032
1.310698,2.291386,3.342816,4.311171,4.877059,4.580165,3.889717,2.793475,2.279541,2.345058,3.159611,4.441878,5.132435,5.379419,5.712205,6.294032
1.294885,2.242012,3.381263,4.528098,4.950393,4.420745,3.775185,2.841241,2.318021,2.374133,3.132889,4.205269,4.974220,5.497108,5.964556,6.053030
1.314691,2.271429,3.305146,4.340973,4.950393,4.580165,3.793871,2.817184,2.242083,2.325997,3.173122,4.360264,4.974220,5.341297,5.835678,6.195365
1.314691,2.291386,3.286594,4.281744,4.877059,4.580165,3.889717,2.841241,2.279541,2.297879,3.146201,4.307416,5.068006,5.418086,5.752784,6.053030
1.290970,2.222736,3.361941,4.495880,4.913462,4.580165,3.793871,2.817184,2.289064,2.335496,3.093534,4.205269,4.883698,5.341297,5.793937,6.195365
1.306721,2.261555,3.305146,4.371157,4.950393,4.525876,3.812715,2.793475,2.242083,2.252229,3.080606,4.307416,5.005110,5.418086,5.712205,6.195365
1.302760,2.281372,3.342816,4.281744,4.913462,4.607757,3.889717,2.770108,2.242083,2.243275,3.004960,4.281443,4.943692,5.266644,5.632720,6.294032
1.302760,2.271429,3.342816,4.340973,4.877059,4.580165,3.929223,2.793475,2.260687,2.234379,2.992663,4.255765,4.974220,5.341297,5.712205,6.099744
1.294885,2.261555,3.400785,4.340973,4.877059,4.607757,3.929223,2.805287,2.270083,2.225540,2.956286,4.180442,4.974220,5.341297,5.632720,6.195365
1.302760,2.261555,3.361941,4.340973,4.877059,4.607757,3.929223,2.865654,2.270083,2.216758,2.956286,4.205269,5.005110,5.341297,5.632720,6.007024
1.298815,2.261555,3.400785,4.495880,4.877059,4.635654,3.969424,2.865654,2.270083,2.225540,2.944328,4.155888,4.974220,5.341297,5.672188,6.099744
1.302760,2.261555,3.400785,4.528098,4.805790,4.607757,3.969424,2.902961,2.289064,2.208031,2.908947,4.083825,4.943692,5.418086,5.632720,6.007024
1.310698,2.242012,3.381263,4.560748,4.805790,4.635654,3.850886,2.865654,2.270083,2.225540,2.897315,4.037070,4.854219,5.341297,5.878018,6.053030
1.330822,2.281372,3.305146,4.495880,5.025887,4.692387,3.909384,2.829168,2.214635,2.140159,2.944328,4.131604,4.767781,5.230089,5.712205,6.147183
1.326765,2.291386,3.400785,4.495880,4.805790,4.607757,3.929223,2.877997,2.214635,2.123712,2.851567,4.083825,4.854219,5.379419,5.632720,5.917069
1.326765,2.222736,3.381263,4.371157,4.987864,4.580165,3.831720,2.853402,2.196633,2.148459,2.829151,4.083825,4.684219,5.379419,5.752784,5.961709
1.338985,2.251750,3.305146,4.495880,5.025887,4.635654,3.812715,2.853402,2.161324,2.091414,2.840321,4.037070,4.711762,5.158467,5.835678,5.917069
1.338985,2.271429,3.305146,4.495880,5.025887,4.635654,3.870218,2.817184,2.161324,2.083461,2.829151,4.037070,4.711762,5.158467,5.712205,6.053030
1.338985,2.301469,3.323886,4.340973,4.877059,4.635654,3.989791,2.877997,2.178865,2.059887,2.796081,4.037070,4.767781,5.194034,5.555387,5.917069
1.334895,2.251750,3.381263,4.560748,5.143403,4.635654,3.850886,2.865654,2.196633,2.107464,2.796081,3.881003,4.630036,5.303710,5.835678,6.007024
1.351355,2.291386,3.323886,4.401732,5.025887,4.721233,3.949236,2.817184,2.161324,2.059887,2.785203,4.037070,4.739614,5.088761,5.632720,6.053030
1.338985,2.311625,3.440443,4.593840,5.025887,4.607757,3.929223,2.853402,2.214635,2.067698,2.711010,3.838451,4.630036,5.379419,5.712205,6.007024
1.343092,2.301469,3.420510,4.528098,4.841172,4.692387,3.989791,2.865654,2.205605,2.044404,2.711010,3.881003,4.796266,5.194034,5.555387,5.744953
1.334895,2.281372,3.460586,4.528098,4.877059,4.607757,3.949236,2.890432,2.196633,2.052123,2.690419,3.817497,4.825077,5.341297,5.593790,5.961709
1.355512,2.281372,3.323886,4.495880,5.025887,4.721233,3.909384,2.817184,2.144006,2.006486,2.711010,3.924436,4.630036,5.088761,5.632720,6.007024
1.347215,2.301469,3.342816,4.432705,4.877059,4.635654,3.989791,2.877997,2.161324,1.991626,2.650013,3.902608,4.767781,5.158467,5.517499,5.829752
1.355512,2.271429,3.381263,4.401732,5.025887,4.750406,3.949236,2.805287,2.135430,1.984260,2.650013,3.859619,4.630036,5.088761,5.555387,6.007024
1.343092,2.301469,3.342816,4.281744,5.025887,4.779913,3.989791,2.829168,2.178865,1.969655,2.630187,3.902608,4.684219,5.054600,5.517499,5.873088
1.334895,2.291386,3.400785,4.495880,4.877059,4.692387,4.051987,2.865654,2.223724,1.984260,2.610607,3.838451,4.796266,5.194034,5.443227,5.744953
1.355512,2.261555,3.342816,4.528098,5.143403,4.809758,3.969424,2.865654,2.161324,2.006486,2.680222,3.796753,4.577025,5.088761,5.632720,6.007024
1.355512,2.332153,3.501518,4.593840,5.143403,4.750406,3.969424,2.865654,2.214635,2.006486,2.630187,3.776216,4.577025,5.158467,5.712205,5.917069
1.347215,2.261555,3.361941,4.401732,4.987864,4.692387,3.989791,2.853402,2.223724,2.059887,2.700682,3.924436,4.767781,5.379419,5.752784,5.917069
1.351355,2.291386,3.323886,4.495880,4.913462,4.692387,3.969424,2.941119,2.205605,2.013981,2.650013,3.902608,4.825077,5.266644,5.593790,5.662560
1.355512,2.311625,3.501518,4.627383,5.064476,4.692387,3.949236,2.865654,2.187720,1.984260,2.600907,3.735749,4.684219,5.194034,5.593790,5.917069
1.343092,2.281372,3.400785,4.495880,4.987864,4.809758,3.969424,2.877997,2.205605,1.999034,2.630187,3.838451,4.684219,5.020889,5.593790,5.873088
1.343092,2.281372,3.361941,4.401732,4.877059,4.663863,3.949236,2.853402,2.196633,1.984260,2.630187,3.838451,4.684219,5.266644,5.593790,5.917069
1.343092,2.281372,3.400785,4.528098,4.913462,4.692387,3.949236,2.853402,2.187720,1.962415,2.600907,3.796753,4.684219,5.123380,5.593790,5.917069
1.343092,2.281372,3.400785,4.464085,4.913462,4.692387,3.929223,2.853402,2.170066,1.962415,2.600907,3.838451,4.684219,5.194034,5.593790,5.917069
1.343092,2.281372,3.400785,4.495880,4.913462,4.607757,3.929223,2.853402,2.178865,1.969655,2.610607,3.838451,4.711762,5.341297,5.593790,5.961709
1.343092,2.281372,3.361941,4.528098,5.025887,4.692387,3.949236,2.853402,2.187720,1.976936,2.620367,3.796753,4.684219,5.123380,5.593790,5.917069
1.343092,2.281372,3.361941,4.627383,4.805790,4.663863,3.949236,2.817184,2.205605,1.976936,2.630187,3.735749,4.739614,5.266644,5.593790,6.007024
1.338985,2.261555,3.342816,4.401732,4.913462,4.692387,3.929223,2.841241,2.196633,1.991626,2.650013,3.881003,4.767781,5.266644,5.593790,6.007024
1.338985,2.281372,3.480943,4.401732,4.913462,4.692387,3.949236,2.853402,2.205605,1.999034,2.591267,3.881003,4.711762,5.266644,5.593790,5.917069
